-- phpMyAdmin SQL Dump
-- version 5.2.0
-- https://www.phpmyadmin.net/
--
-- Host: 127.0.0.1
-- Generation Time: Apr 10, 2023 at 09:59 PM
-- Server version: 10.4.27-MariaDB
-- PHP Version: 8.2.0

SET SQL_MODE = "NO_AUTO_VALUE_ON_ZERO";
START TRANSACTION;
SET time_zone = "+00:00";


/*!40101 SET @OLD_CHARACTER_SET_CLIENT=@@CHARACTER_SET_CLIENT */;
/*!40101 SET @OLD_CHARACTER_SET_RESULTS=@@CHARACTER_SET_RESULTS */;
/*!40101 SET @OLD_COLLATION_CONNECTION=@@COLLATION_CONNECTION */;
/*!40101 SET NAMES utf8mb4 */;

--
-- Database: `blog`
--

-- --------------------------------------------------------

--
-- Table structure for table `category`
--

CREATE TABLE `category` (
  `category_id` int(11) NOT NULL,
  `category` varchar(50) NOT NULL,
  `description` text NOT NULL
) ENGINE=InnoDB DEFAULT CHARSET=utf8mb4 COLLATE=utf8mb4_general_ci;

--
-- Dumping data for table `category`
--

INSERT INTO `category` (`category_id`, `category`, `description`) VALUES
(1, 'Food', '<p>Discusses food related topics such as recipes for various dishes, desserts, or drinks, personal stories or experiences related to food, such as travel and restaurant experiences, and discussions about food trends, cooking techniques, or ingredients.</p>\r\n'),
(2, 'Travel', 'Discusses travel related topics such as travel guides, culture and customs, budget travel and quality of food.'),
(3, 'Health & Fitness', 'Tips on exercise and workouts, nutritional and dietary advice, healthy recipes and cooking tips, weight loss and management strategies, information on mental health and wellness, motivational stories and success stories, product reviews and recommendations for fitness equipment, supplements, and health-related apps'),
(4, 'Fashion & Beauty', 'Posts related to fashion trends, beauty tips, makeup tutorials, skincare routines, hairstyle ideas, fashion industry news, and product reviews for clothing, makeup, skincare, and hair care products.'),
(5, 'Photography', 'Techniques for capturing great photos, different types of photography, such as landscape, portrait, wildlife, etc.\r\nTips for editing and post-processing photos, equipment reviews and recommendations, interviews with professional photographers'),
(6, 'Music', 'Music reviews of albums or concerts\r\nInterviews with musicians, singers or composers, discussions on the latest trends in music, such as new genres or popular artists, personal stories about the impact of music on someone\'s life, tutorials on playing musical instruments or producing music'),
(7, 'Business', 'Topic such as; Entrepreneurship and startups, marketing and branding, leadership and management, finance and accounting, industry-specific news and trends'),
(8, 'Sports', 'Top athletes to watch in the upcoming season, upcoming draft projections, the history of sports, sports and mental health '),
(9, 'Political News', '<p>Posts about current events and news stories related to politics. Topics include; elections, government policies, international relations, and political scandals. The posts may provide commentary, analysis, or reporting on these topics, and may be written from a variety of perspectives, including liberal, conservative, or non-partisan.</p>');

-- --------------------------------------------------------

--
-- Table structure for table `comments`
--

CREATE TABLE `comments` (
  `comment_id` int(11) NOT NULL,
  `post_id` int(11) NOT NULL,
  `user_id` int(11) NOT NULL,
  `content` text NOT NULL,
  `publishedAt` timestamp NOT NULL DEFAULT current_timestamp() ON UPDATE current_timestamp(),
  `publish_stat` varchar(3) NOT NULL
) ENGINE=InnoDB DEFAULT CHARSET=utf8mb4 COLLATE=utf8mb4_general_ci;

--
-- Dumping data for table `comments`
--

INSERT INTO `comments` (`comment_id`, `post_id`, `user_id`, `content`, `publishedAt`, `publish_stat`) VALUES
(1, 1, 9, 'love article so much!! thanks ! xoxo', '2023-03-30 14:30:36', 'Yes'),
(2, 2, 7, 'dope brahhhhh', '2023-03-27 13:49:29', 'Yes'),
(8, 7, 7, '<p>bruh</p>', '2023-04-01 20:18:51', 'Yes'),
(9, 7, 7, '<p>I love the <strong>bruh moment</strong> with all my heart</p>', '2023-04-01 20:22:13', 'Yes'),
(10, 3, 10, '<p>Butter tarts are soo good&nbsp;</p>', '2023-04-02 22:54:34', 'Yes'),
(11, 8, 10, '<p>This is a great article</p>', '2023-04-07 23:12:08', 'Yes'),
(12, 9, 8, '<p>What a great article, thanks fellow meesh!</p>', '2023-04-03 03:19:02', 'Yes'),
(13, 7, 7, '<p>dope bruh</p>', '2023-04-03 12:13:25', 'Yes'),
(14, 6, 7, '<p>Hello bruh</p>', '2023-04-03 12:14:42', 'Yes'),
(15, 7, 7, '<p>love it</p>', '2023-04-10 07:53:35', 'Yes'),
(16, 7, 7, 'suppppp', '2023-04-09 07:11:15', 'Yes'),
(17, 15, 7, 'Great article! very useful info!', '2023-04-09 07:11:41', 'Yes'),
(18, 12, 7, '<p><em><strong>Great Article!</strong></em></p>', '2023-04-09 07:14:35', 'Yes'),
(19, 3, 7, '<p>Great Recipe!</p>', '2023-04-10 16:23:28', 'Yes'),
(20, 17, 7, '<p>Very useful info, thanks for helping!</p>', '2023-04-10 18:54:28', 'Yes');

-- --------------------------------------------------------

--
-- Table structure for table `posts`
--

CREATE TABLE `posts` (
  `post_id` int(11) NOT NULL,
  `author_id` int(11) NOT NULL,
  `category_id` int(11) NOT NULL,
  `title` text NOT NULL,
  `content` longtext NOT NULL,
  `postCreated` timestamp NOT NULL DEFAULT current_timestamp(),
  `postUpdated` timestamp NOT NULL DEFAULT current_timestamp() ON UPDATE current_timestamp(),
  `publish_stat` varchar(3) NOT NULL,
  `view_count` int(9) NOT NULL
) ENGINE=InnoDB DEFAULT CHARSET=utf8mb4 COLLATE=utf8mb4_general_ci;

--
-- Dumping data for table `posts`
--

INSERT INTO `posts` (`post_id`, `author_id`, `category_id`, `title`, `content`, `postCreated`, `postUpdated`, `publish_stat`, `view_count`) VALUES
(1, 8, 1, 'Why People LOVE Biscuits', '<p>&nbsp;</p>\r\n\r\n<p>Biscuits are a beloved comfort food for many people, evoking memories of warm, fluffy, and buttery goodness. There&#39;s something about the texture and flavor of biscuits that make them irresistible. Whether you enjoy them plain or loaded with toppings, biscuits are a classic Southern staple that has gained popularity worldwide.<img alt=\"\" src=\"https://preppykitchen.com/wp-content/uploads/2021/09/Biscuits-recipe-n-500x500.jpg\" style=\"float:right; height:400px; width:400px\" /></p>\r\n\r\n<p>One reason why people love biscuits is their versatility. Biscuits can be served as a side dish, a main dish, or a dessert. They can be enjoyed for breakfast, lunch, or dinner, and can be paired with a wide range of foods, from fried chicken to gravy to jam. Biscuits can be made in many different ways, using different types of flour, leavening agents, and fats, making them customizable to individual tastes and preferences.</p>\r\n\r\n<p>Another reason why biscuits are so beloved is their simplicity. With just a few basic ingredients, including flour, baking powder, salt, butter, and milk, anyone can make delicious homemade biscuits. The process of making biscuits is also relatively quick and easy, making them a convenient and satisfying option for busy weeknights or lazy weekend mornings.</p>\r\n\r\n<p>Biscuits are also a symbol of Southern hospitality and tradition. In the South, it&#39;s common to serve biscuits at family gatherings, potlucks, and other social events. Many people have fond memories of their grandmothers or mothers making homemade biscuits, and the tradition of passing down family recipes has kept the love of biscuits alive for generations.</p>\r\n\r\n<p>In conclusion, there are many reasons why people love biscuits. Whether it&#39;s their versatility, simplicity, or connection to tradition and comfort, biscuits are a beloved comfort food that brings joy and happiness to many people.</p>\r\n', '2023-03-25 23:34:09', '2023-04-10 19:57:27', 'Yes', 1),
(2, 10, 3, 'Why I love to workout', 'Ah, there\'s nothing quite like the rush of endorphins that comes with a good workout! For me, exercise is not just a hobby, it\'s a way of life. I\'m passionate about fitness and I love the feeling of pushing my body to its limits and seeing the progress that comes with consistent effort.\r\n\r\nWorking out is so much more than just physical activity. It\'s a mental challenge, a way to clear my mind and release stress. When I\'m at the gym, it\'s just me and my goals. I can forget about everything else and focus on the task at hand. Whether I\'m lifting weights, running on the treadmill, or practicing yoga, I feel empowered and in control of my body.\r\n\r\nI love the feeling of accomplishment that comes after a challenging workout. That sense of pride and satisfaction knowing that I pushed myself harder than I thought I could and came out stronger on the other side. It\'s addictive, and it keeps me coming back for more.\r\n\r\nBut it\'s not just about the physical benefits of exercise. Regular workouts have improved my overall health, boosted my energy levels, and even helped me sleep better. And let\'s not forget about the social aspect - working out with friends or attending group fitness classes is a great way to connect with like-minded individuals and build a community.\r\n\r\nTo me, working out is not a chore or a punishment. It\'s a privilege and a joy. It\'s a way to take care of my body and my mind, and to show myself some love and respect. I can\'t imagine my life without it, and I will continue to pursue fitness and strive for excellence in all aspects of my health and well-being.', '2023-03-26 08:24:17', '2023-04-10 09:22:59', 'Yes', 3),
(3, 7, 1, 'Butter Tart Recipe', '<p><strong>Butter tarts</strong> are a classic Canadian dessert that are sure to satisfy any sweet tooth. Here&#39;s a recipe for a delicious and easy-to-make version of this beloved treat: Ingredients: 1/2 cup unsalted butter, softened 1/2 cup packed brown sugar 1/2 cup corn syrup 2 large eggs, lightly beaten 1 tsp vanilla extract 1/4 tsp salt 1/2 cup raisins (optional) 12 pre-made tart shells Instructions: Preheat your oven to 375&deg;F (190&deg;C). In a medium-sized mixing bowl, cream the butter and brown sugar together until smooth. Add in the corn syrup, eggs, vanilla extract, and salt. Stir until well combined. If using raisins, distribute them evenly into the bottom of the pre-made tart shells. Pour the filling mixture into each of the tart shells, filling them about 3/4 full. Place the tart shells on a baking sheet and bake in the preheated oven for 15-20 minutes, or until the filling is set and the crust is golden brown. Remove from the oven and allow the butter tarts to cool completely on a wire rack. Serve the butter tarts warm or at room temperature, topped with a dollop of whipped cream or a sprinkle of powdered sugar. Enjoy your delicious homemade butter tarts!</p>\r\n', '2023-03-26 18:56:21', '2023-04-10 06:29:34', 'Yes', 0),
(4, 10, 6, 'Why I love EDM', 'As soon as I hear the pulsing bass and the electrifying beats of EDM music, I know I\'m in for a wild ride. There\'s nothing quite like the rush of energy that comes with a great EDM track, and I absolutely love it.\r\n\r\nEDM music has a way of transporting me to another world. When I\'m at a festival or listening to my favorite DJ mix, I feel completely immersed in the music. I can\'t help but move my body to the beat, and the energy of the crowd only adds to the experience.\r\n\r\nWhat I love most about EDM is its versatility. There are so many different subgenres to choose from, each with its own unique sound and vibe. From high-energy trance to laid-back deep house, there\'s something for everyone. And with so many talented artists and producers out there, the possibilities are endless.\r\n\r\nEDM music is also a way for me to connect with others who share my passion. When I\'m at a festival or club, I feel like I\'m part of a community of like-minded individuals who just want to let loose and have a good time. It\'s a way for me to let go of my worries and just be in the moment.\r\n\r\nBut it\'s not just about the party atmosphere. EDM music also has a way of speaking to me on a deeper level. Whether it\'s the emotional lyrics of a trance ballad or the haunting melody of a techno track, there\'s a certain rawness and vulnerability that I find incredibly powerful.\r\n\r\nAll in all, EDM music is more than just a genre - it\'s a lifestyle. It\'s a way for me to express myself, connect with others, and feel alive. I will always love EDM music and everything it represents.', '2023-03-27 12:14:53', '2023-04-10 10:47:56', 'Yes', 2),
(5, 9, 8, 'Hockey is the best sport', '<p>There&#39;s nothing quite like the thrill of watching or playing a hockey game. As someone who loves hockey, I believe it is the best sport out there for a number of reasons. Firstly, hockey is a sport that requires a unique combination of skills. It&#39;s not just about speed and agility, but also about strategy, teamwork, and physical strength. A great hockey player must have the ability to skate, stickhandle, shoot, and check, all while keeping their head up and making split-second decisions on the ice. The fast-paced nature of the game makes it exciting to watch, and the physicality of the sport adds an element of toughness that is unmatched in other sports. Secondly, hockey has a deep and rich history that adds to its appeal. The Stanley Cup, the oldest trophy in professional sports, has been awarded to the NHL champions since 1893. The game of hockey has evolved over the years, but the passion and pride associated with the sport has remained constant. The traditions and rivalries that have developed over time make each game feel like a battle for supremacy, and the intensity of playoff hockey is unmatched in any other sport. Thirdly, hockey is a sport that can be played and enjoyed by people of all ages and skill levels. Whether you&#39;re a beginner just learning to skate or a seasoned veteran playing in a competitive league, there&#39;s a place for everyone in the hockey community. Hockey brings people together in a way that few other sports can, and the camaraderie that develops between teammates and fans alike is truly special. Finally, hockey has a unique culture and set of values that sets it apart from other sports. The emphasis on hard work, dedication, and sacrifice is instilled in players from a young age, and these values are evident both on and off the ice. The respect that players have for each other, their coaches, and the game itself is something that is not often seen in other sports. In conclusion, hockey is the best sport in my eyes because of its unique combination of skills, deep history and culture, inclusivity, and emphasis on hard work and respect. Whether I&#39;m watching a game from the stands or lacing up my own skates, hockey will always hold a special place in my heart.</p>\r\n', '2023-03-27 12:18:50', '2023-04-10 09:15:54', 'Yes', 1),
(6, 7, 5, 'Why I Love Photography', '<p>As someone who loves photography, I see the world in a unique way. When I look at a scene, I don&#39;t just see the objects in front of me - I see the potential for a beautiful image. Photography allows me to capture moments in time, freeze them forever, and share them with others.<img alt=\"\" src=\"imgs/moose.png\" style=\"float:right; height:350px; width:350px\" /></p>\r\n\r\n<p>Photography is an art form that allows me to express myself in a way that words cannot. Each photograph I take is a reflection of my vision, my creativity, and my perspective on the world. Whether I&#39;m capturing a stunning landscape, a candid moment between friends, or an intricate piece of architecture, my photographs are a way for me to communicate my thoughts and emotions to others.</p>\r\n\r\n<p>But photography is not just about taking pretty pictures - it&#39;s also about capturing truth and telling stories. A photograph can evoke a powerful emotional response, it can spark a conversation, and it can even change the world. Photography has the power to document history, to shine a light on social issues, and to connect people across different cultures and backgrounds.</p>\r\n\r\n<p>One of the things I love most about photography is the way it allows me to see the world in a new light. It encourages me to slow down, to take notice of the small details, and to appreciate the beauty that surrounds me. Photography has taught me to be more observant, more patient, and more curious about the world around me.</p>\r\n\r\n<p>Finally, photography is a constant learning experience. There is always something new to discover, whether it&#39;s a new technique, a new piece of equipment, or a new way of looking at the world. The possibilities are endless, and I am constantly inspired by the work of other photographers and artists.</p>\r\n\r\n<p>In conclusion, photography is a passion that has enriched my life in countless ways. It allows me to express myself, to tell stories, and to connect with others. Photography is a powerful art form that has the ability to inspire, to educate, and to transform the world we live in.</p>\r\n', '2023-04-01 19:10:03', '2023-04-10 19:43:38', 'Yes', 15),
(7, 7, 7, 'Bruh Moment', '<p>As someone who is an expert on the meme &quot;bruh moment,&quot;&nbsp;I can tell you that it has become one of the most popular and recognizable memes on the internet. The term &quot;bruh moment&quot; is typically used to describe a situation that is so ridiculous, absurd, or unexpected that it leaves you speechless<img alt=\"\" src=\"https://i.imgflip.com/3ij2hc.jpg\" style=\"float:right; height:263px; width:350px\" />.</p>\r\n\r\n<p>The origins of the meme are not entirely clear, but it is believed to have originated in online gaming communities. It has since spread to social media platforms like Twitter, Instagram, and TikTok, where it is often used as a reaction to videos or images that capture a particularly cringe-worthy or awkward moment.</p>\r\n\r\n<p>One of the reasons the &quot;bruh moment&quot; meme has become so popular is that it is versatile and can be used in a wide variety of contexts. It can be used to express surprise, disbelief, or disappointment, and can be applied to situations ranging from minor inconveniences to major social issues.</p>\r\n\r\n<p>The phrase &quot;bruh moment&quot; has also entered popular culture and is often used in casual conversation among friends and family. It has even been used by politicians and celebrities, demonstrating its widespread appeal and impact.</p>\r\n\r\n<p>But the success of the &quot;bruh moment&quot; meme is not just due to its catchiness or versatility - it also speaks to a broader cultural shift towards irony and absurdity. In a world where many things can feel overwhelming or absurd, the &quot;bruh moment&quot; meme provides a way to poke fun at the ridiculousness of everyday life and to find humor in unexpected places.</p>\r\n\r\n<p>In conclusion, as an expert on the &quot;bruh moment&quot; meme, I can say that its popularity is a testament to its versatility, humor, and ability to capture the absurdity of everyday life. It has become a part of our cultural lexicon, and its impact is likely to be felt for years to come.</p>\r\n', '2023-04-01 19:19:22', '2023-04-10 09:23:13', 'Yes', 3),
(8, 10, 4, 'The Beauty Industrys Dirty Little Secret: How Marketing Strategies Contribute to Negative Self-Image', '<p>The <strong>fashion and beauty</strong> industry has long been criticized for promoting unrealistic beauty standards and for contributing to a culture of body shaming and self-loathing. While these criticisms have been around for decades, the impact of the industry on people&#39;s self-confidence is only becoming clearer with time.&nbsp;<img alt=\"\" src=\"imgs/bruh.png\" style=\"float:right; height:350px; width:350px\" /></p>\r\n\r\n<p>From the heavily airbrushed models on the covers of magazines to the perfectly styled Instagram influencers, the fashion and beauty industry bombards us with images of perfection. We are told that to be beautiful or fashionable, we must have flawless skin, a perfect figure, and the latest designer clothes. This constant pressure to conform to these standards can take a significant toll on our self-confidence and mental health.</p>\r\n\r\n<p>One of the ways the fashion and beauty industry has destroyed people&#39;s self-confidence is by perpetuating the myth that there is only one &quot;right&quot; way to look. This narrow definition of beauty excludes people of different races, body types, and abilities, making them feel inadequate and unworthy. This can lead to a range of negative emotions, from shame and self-loathing to anxiety and depression.</p>\r\n\r\n<p>Another way the industry has contributed to the erosion of self-confidence is through its marketing strategies. Companies often use language that suggests that their products can &quot;fix&quot; or &quot;correct&quot; our flaws, implying that there is something inherently wrong with us that needs to be &quot;fixed.&quot; This language reinforces negative beliefs about ourselves and creates a cycle of self-doubt and self-criticism.</p>\r\n\r\n<p>Furthermore, the industry&#39;s emphasis on youth and thinness has also contributed to the idea that aging or being a certain weight is something to be ashamed of. This pressure can be especially difficult for women, who are often judged more harshly on their appearance than men. This can lead to feelings of inadequacy and a sense of being &quot;not enough,&quot; which can damage self-confidence and self-esteem.</p>\r\n\r\n<p>The good news is that there is a growing movement towards body positivity and diversity in the fashion and beauty industry. Many companies are beginning to recognize that promoting self-love and self-acceptance is not only the right thing to do, but it is also good for business. By embracing diversity and promoting inclusivity, these companies are sending a message that everyone is beautiful and worthy, regardless of their appearance.</p>\r\n\r\n<p>In conclusion, the fashion and beauty industry has played a significant role in destroying people&#39;s self-confidence by perpetuating unrealistic beauty standards, using negative marketing strategies, and emphasizing youth and thinness. However, there is hope for change, and the growing movement towards body positivity and diversity is a step in the right direction. By promoting self-love and acceptance, we can begin to rebuild our confidence and create a world where everyone feels beautiful and valued.</p>\r\n', '2023-04-03 03:08:19', '2023-04-10 09:14:43', 'Yes', 7),
(9, 7, 7, 'From Automation to Personalization: How AI is Innovating Business', '<p>Artificial Intelligence (AI) has revolutionized the business world, and its impact is only increasing as technology advances. From improving efficiency to reducing costs, AI is transforming the way businesses operate and interact with their customers.</p>\r\n\r\n<p>One of the most significant ways AI is innovating the business world is through automation. AI-powered machines and software are now capable of performing repetitive tasks, such as data entry, processing transactions, and customer service, much faster and with greater accuracy than humans. This allows companies to save time and resources, while also reducing the likelihood of errors and improving overall productivity.<img alt=\"\" src=\"imgs/airobots.png\" style=\"float:right; height:350px; width:400px\" /></p>\r\n\r\n<p>Another way AI is transforming the business world is through predictive analytics. By analyzing large amounts of data, AI algorithms can identify patterns and make predictions about future trends, allowing businesses to make informed decisions about everything from supply chain management to marketing campaigns. This can help companies to stay ahead of the competition and make strategic decisions that drive growth and profitability.</p>\r\n\r\n<p>AI is also revolutionizing customer experience. Chatbots, for example, are becoming increasingly popular in customer service. These AI-powered assistants are capable of answering customer queries, providing personalized recommendations, and even making purchases on behalf of customers. This not only improves customer satisfaction by providing fast, efficient service, but it also frees up customer service representatives to focus on more complex issues.</p>\r\n\r\n<p>In addition, AI is also being used to create more personalized marketing experiences. By analyzing customer data, AI algorithms can create targeted marketing campaigns that are tailored to each individual customer&#39;s needs and preferences. This not only increases the effectiveness of marketing campaigns but also improves customer engagement and loyalty.</p>\r\n\r\n<p>The use of AI in cybersecurity is also an area of significant innovation. AI-powered security systems are now capable of identifying and responding to potential threats much faster and with greater accuracy than traditional security measures. This can help businesses to protect their sensitive data and prevent cyber attacks.</p>\r\n\r\n<p>In conclusion, AI is transforming the business world in many ways, from automation to predictive analytics, customer experience, marketing, and cybersecurity. While there are still concerns around the ethics of AI and its impact on employment, the benefits of AI are clear. As technology continues to advance, we can expect AI to play an increasingly important role in the future of business.</p>\r\n', '2023-04-03 03:17:45', '2023-04-10 09:15:07', 'Yes', 8),
(10, 7, 1, 'Baking Perfect Egg Bread: Tips and Tricks for a Soft and Fluffy Loaf', '<p>Egg bread, also known as challah bread, is a traditional Jewish bread that is soft and fluffy with a slightly sweet taste. It&#39;s perfect for sandwiches, french toast, or just enjoyed on its own. If you&#39;ve never made egg bread before, it can seem daunting, but with these tips, you&#39;ll be baking delicious loaves in no time.</p>\r\n\r\n<ol>\r\n	<li>\r\n	<p>Use Bread Flour Bread flour has a higher protein content than all-purpose flour, which helps develop gluten and gives bread its structure. This is important when making egg bread because the dough needs to be able to hold its shape as it rises. Using bread flour will result in a softer, fluffier bread.<img alt=\"\" src=\"https://www.joyofbaking.com/images/facebook/eggbread.jpg\" style=\"float:right; height:298px; width:450px\" /></p>\r\n	</li>\r\n	<li>\r\n	<p>Use Warm Ingredients Using warm ingredients, such as room temperature eggs and warm water, will help the dough rise faster and more evenly. This will result in a lighter and fluffier bread.</p>\r\n	</li>\r\n	<li>\r\n	<p>Let the Dough Rest After mixing the dough, it&#39;s important to let it rest for at least 10 minutes before kneading. This allows the gluten to relax, making the dough easier to work with.</p>\r\n	</li>\r\n	<li>\r\n	<p>Knead the Dough Kneading the dough is an important step in developing gluten and creating a smooth, elastic texture. To knead the dough, fold it in half and use the heel of your hand to push it away from you. Then, fold it in half again and repeat the process for about 10 minutes.</p>\r\n	</li>\r\n	<li>\r\n	<p>Let the Dough Rise Twice After kneading, let the dough rise in a warm, draft-free place until it has doubled in size. Then, punch down the dough and let it rise again for another hour. This second rise helps to develop flavor and create a light and airy texture.</p>\r\n	</li>\r\n	<li>\r\n	<p>Brush with Egg Wash Before baking, brush the dough with an egg wash made of beaten egg and water. This will give the bread a shiny, golden crust.</p>\r\n	</li>\r\n	<li>\r\n	<p>Bake Until Golden Brown Bake the bread in a preheated oven at 350&deg;F for 30-40 minutes or until golden brown. You can check if the bread is done by tapping the bottom of the loaf - if it sounds hollow, it&#39;s done.</p>\r\n	</li>\r\n</ol>\r\n\r\n<p>With these tips, you&#39;ll be baking delicious egg bread that will impress your friends and family. Remember to take your time, be patient, and enjoy the process - there&#39;s nothing quite like the smell of freshly baked bread filling your home.</p>\r\n', '2023-04-06 23:45:42', '2023-04-10 09:14:51', 'Yes', 10),
(11, 7, 1, 'The Truth About Processed Foods: Understanding the Risks and Tips for Reducing Your Intake', '<p>Processed foods are everywhere, from the snacks we munch on to the meals we eat. They&#39;re convenient, cheap, and often taste great. However, there&#39;s been growing concern over the health impacts of consuming too much processed food. In this blog post, we&#39;ll explore what processed foods are, the potential health risks, and some tips for reducing your intake.<img alt=\"\" src=\"https://hips.hearstapps.com/hmg-prod/images/fast-food-items-like-hot-dogs-hamburgers-fries-and-royalty-free-image-180258510-1559769444.jpg\" style=\"float:right; height:366px; width:530px\" /></p>\r\n\r\n<p>What are processed foods? Processed foods are any foods that have been altered from their natural state in some way. This can include adding preservatives, sweeteners, or artificial flavors. Examples of processed foods include chips, cookies, soda, frozen dinners, and even some types of bread.</p>\r\n\r\n<p>Potential health risks While processed foods can be convenient and tasty, they can also have negative impacts on our health. Some of the potential risks associated with consuming too much processed food include:</p>\r\n\r\n<ol>\r\n	<li>\r\n	<p>Nutrient deficiencies: Many processed foods are stripped of important nutrients during processing, leaving them with little nutritional value.</p>\r\n	</li>\r\n	<li>\r\n	<p>Increased risk of chronic diseases: Consuming a diet high in processed foods has been linked to an increased risk of obesity, type 2 diabetes, heart disease, and some types of cancer.</p>\r\n	</li>\r\n	<li>\r\n	<p>Poor gut health: Processed foods are often low in fiber, which is important for gut health. A lack of fiber can lead to digestive issues and even contribute to the development of certain diseases.</p>\r\n	</li>\r\n</ol>\r\n\r\n<p>Tips for reducing your intake Reducing your intake of processed foods can be a daunting task, but there are some simple steps you can take to make the transition easier:</p>\r\n\r\n<ol>\r\n	<li>\r\n	<p>Cook at home: Cooking meals at home using fresh ingredients is one of the best ways to reduce your intake of processed foods. It allows you to control what goes into your food and ensures you&#39;re getting all the nutrients you need.</p>\r\n	</li>\r\n	<li>\r\n	<p>Choose whole foods: When grocery shopping, choose whole foods such as fruits, vegetables, whole grains, and lean proteins. These foods are minimally processed and provide a range of important nutrients.</p>\r\n	</li>\r\n	<li>\r\n	<p>Read labels: When buying packaged foods, read the labels and look for products with simple, recognizable ingredients.</p>\r\n	</li>\r\n	<li>\r\n	<p>Be mindful of snacks: Many snacks are highly processed and can contribute to overconsumption of calories. Opt for healthier snacks such as fresh fruit, veggies with hummus, or nuts and seeds.</p>\r\n	</li>\r\n</ol>\r\n\r\n<p>In conclusion, while processed foods may be convenient and tasty, they can have negative impacts on our health. By reducing your intake of processed foods and opting for whole, fresh foods instead, you can improve your overall health and well-being. Remember, small changes can add up to big results!</p>\r\n', '2023-04-07 23:47:47', '2023-04-10 09:15:28', 'Yes', 1),
(12, 7, 8, '5 Essential Tips for Effective Sprint Training: How to Improve Your Speed and Agility', '<p>Sprint training is an excellent way to improve your overall fitness, burn calories, and increase your speed and agility. Whether you&#39;re a seasoned sprinter or just starting out, there are some important tips to keep in mind to help you get the most out of your sprint training sessions. In this blog post, we&#39;ll explore some tips to help you improve your sprint training.<img alt=\"\" src=\"https://media.cnn.com/api/v1/images/stellar/prod/210315125224-usain-bolt-grinning-race.jpg?q=w_2912,h_1941,x_0,y_0,c_fill\" style=\"float:right; height:333px; width:500px\" /></p>\r\n\r\n<ol>\r\n	<li>\r\n	<p>Warm-up Properly Before you begin sprint training, it&#39;s important to warm up properly. Warming up helps to increase your body temperature, get your blood flowing, and prepare your muscles for the intense work they are about to do. A good warm-up should include a combination of dynamic stretching and light cardio exercises such as jogging or jumping jacks.</p>\r\n	</li>\r\n	<li>\r\n	<p>Focus on Proper Form Proper form is essential for sprint training. Maintaining good posture, keeping your core engaged, and landing softly on the balls of your feet can help reduce your risk of injury and improve your overall performance. Paying attention to your form during your sprint training sessions can help you develop good habits that will carry over into your everyday life.</p>\r\n	</li>\r\n	<li>\r\n	<p>Gradually Increase Intensity When starting out with sprint training, it&#39;s important to gradually increase the intensity of your workouts. Starting with shorter sprints and gradually increasing the distance and intensity of your sprints can help prevent injury and allow your body to adapt to the increased demands of sprinting.</p>\r\n	</li>\r\n	<li>\r\n	<p>Incorporate Strength Training Strength training can help improve your overall sprint performance by building muscle, improving your endurance, and enhancing your speed and power. Exercises such as squats, lunges, and plyometrics can help improve your leg strength and explosiveness, which are essential for sprinting.</p>\r\n	</li>\r\n	<li>\r\n	<p>Rest and Recovery Rest and recovery are just as important as the actual sprint training itself. Giving your body time to recover between sprint sessions can help prevent injury and allow your muscles to repair and grow stronger. Incorporating active recovery such as stretching and foam rolling can also help improve circulation, reduce muscle soreness, and improve flexibility.</p>\r\n	</li>\r\n</ol>\r\n\r\n<p>In conclusion, sprint training is an excellent way to improve your overall fitness and speed. By following these tips, you can help ensure that your sprint training sessions are safe, effective, and enjoyable. Remember to warm up properly, focus on proper form, gradually increase intensity, incorporate strength training, and prioritize rest and recovery. With dedication and consistency, you can achieve your sprint training goals and take your fitness to the next level.</p>\r\n', '2023-04-07 23:56:07', '2023-04-10 09:15:51', 'Yes', 8),
(13, 7, 3, 'Exploring the Potential Benefits of Magic Mushrooms for Mental Health: How Psilocybin Can Help with Depression, Anxiety, and Addiction', '<p>Magic mushrooms, also known as psilocybin mushrooms, have been used for centuries in traditional medicine practices, particularly in spiritual and shamanic contexts. In recent years, there has been growing interest in the potential therapeutic benefits of magic mushrooms for mental health. In this blog post, we&#39;ll explore how magic mushrooms can help with mental health.<img alt=\"\" src=\"https://i0.wp.com/post.medicalnewstoday.com/wp-content/uploads/sites/3/2019/01/psilocybin.jpg?w=1155&amp;h=2137\" style=\"float:right; height:463px; width:500px\" /></p>\r\n\r\n<ol>\r\n	<li>\r\n	<p>Psilocybin and Depression Studies have shown that psilocybin, the active compound in magic mushrooms, can help reduce symptoms of depression. Psilocybin works by interacting with serotonin receptors in the brain, which can help improve mood and reduce feelings of anxiety and hopelessness. In one study, participants with treatment-resistant depression reported a significant reduction in symptoms after receiving psilocybin therapy.</p>\r\n	</li>\r\n	<li>\r\n	<p>Psilocybin and Anxiety Magic mushrooms may also help reduce symptoms of anxiety. Psilocybin has been shown to increase the release of serotonin in the brain, which can help regulate mood and reduce feelings of anxiety. In one study, participants with life-threatening cancer reported a significant reduction in anxiety and depression after receiving psilocybin therapy.</p>\r\n	</li>\r\n	<li>\r\n	<p>Psilocybin and Addiction Magic mushrooms may also have potential therapeutic benefits for addiction. Studies have shown that psilocybin can help reduce cravings and increase feelings of well-being in individuals struggling with addiction. Psilocybin therapy has been used successfully in treating addiction to tobacco, alcohol, and other substances.</p>\r\n	</li>\r\n	<li>\r\n	<p>Psychedelic Therapy Psychedelic therapy is a form of therapy that uses psychedelic substances like magic mushrooms to facilitate emotional and psychological healing. Psychedelic therapy is typically conducted in a controlled setting with a trained therapist, who can guide the individual through the experience and help them process their emotions and thoughts.</p>\r\n	</li>\r\n</ol>\r\n\r\n<p>In conclusion, magic mushrooms may have potential therapeutic benefits for mental health, particularly in the treatment of depression, anxiety, and addiction. However, it&#39;s important to note that the use of magic mushrooms for mental health should always be done under the guidance of a trained professional in a controlled setting. While research into the therapeutic benefits of magic mushrooms is ongoing, it&#39;s important to approach the use of these substances with caution and respect.</p>\r\n', '2023-04-08 00:01:01', '2023-04-10 10:14:13', 'Yes', 18),
(14, 7, 3, 'The Chilling Benefits of Ice Baths: How Cold-Water Immersion Can Improve Fitness and Health', '<p>Ice baths, also known as cold-water immersion, have been used by athletes and fitness enthusiasts for many years to improve performance and promote recovery. In this blog post, we&#39;ll explore how ice baths can improve fitness and health.<img alt=\"\" src=\"https://static.nike.com/a/images/f_auto,cs_srgb/w_1536,c_limit/36b0324f-4d3c-4cf1-9269-fda65ced28a7/the-benefits-of-using-ice-baths-for-recovery.jpg\" style=\"float:right; height:400px; width:300px\" /></p>\r\n\r\n<ol>\r\n	<li>\r\n	<p>Reduces Inflammation One of the main benefits of ice baths is their ability to reduce inflammation in the body. After a workout or intense physical activity, the muscles can become inflamed, leading to soreness and fatigue. Cold-water immersion can help reduce inflammation by constricting blood vessels and limiting the flow of blood and fluids to the affected area.</p>\r\n	</li>\r\n	<li>\r\n	<p>Speeds up Recovery Ice baths can also speed up the recovery process after a workout. By reducing inflammation and promoting blood flow, ice baths can help flush out metabolic waste products and other toxins that can build up in the muscles during exercise. This can help reduce muscle soreness and improve overall recovery time.</p>\r\n	</li>\r\n	<li>\r\n	<p>Enhances Endurance Regular ice baths can also enhance endurance and improve overall fitness. Exposure to cold temperatures has been shown to increase the body&#39;s production of brown adipose tissue (BAT), a type of fat that generates heat and burns calories. BAT can help increase energy expenditure and improve overall metabolic health, which can lead to improved endurance and fitness.</p>\r\n	</li>\r\n	<li>\r\n	<p>Boosts Immune System Ice baths may also help boost the immune system by increasing the production of white blood cells. White blood cells are responsible for fighting off infections and diseases, and regular exposure to cold temperatures can stimulate the production of these cells, which can help improve overall immune function.</p>\r\n	</li>\r\n</ol>\r\n\r\n<p>In conclusion, ice baths can provide numerous benefits for fitness and health, including reducing inflammation, speeding up recovery, enhancing endurance, and boosting the immune system. However, it&#39;s important to approach ice baths with caution and always consult with a healthcare professional before starting any new fitness or recovery routine. With proper guidance, ice baths can be a valuable tool for improving overall fitness and health.</p>\r\n', '2023-04-08 00:03:27', '2023-04-10 09:23:06', 'Yes', 3),
(15, 7, 3, 'The Mind-Body Connection: How Working Out Can Benefit Mental Health', '<p>Working out is often associated with physical health benefits such as weight loss, improved cardiovascular health, and increased muscle strength. However, exercise can also have a significant impact on mental health. In this blog post, we&#39;ll explore the benefits of working out on mental health.<img alt=\"\" src=\"https://media.gq-magazine.co.uk/photos/60250691a29397b3791c6cfa/master/w_1600%2Cc_limit/110221_FD_01.jpg\" style=\"float:right; height:333px; width:500px\" /></p>\r\n\r\n<ol>\r\n	<li>\r\n	<p>Reduces Stress and Anxiety Exercise is a natural stress reliever, releasing endorphins that can help reduce anxiety and depression. Physical activity also helps reduce levels of cortisol, a stress hormone, which can improve mood and promote relaxation.</p>\r\n	</li>\r\n	<li>\r\n	<p>Improves Cognitive Function Regular exercise can also improve cognitive function, including memory, attention, and focus. Exercise promotes the growth of new brain cells and increases the levels of neurotransmitters, which are chemicals in the brain that help regulate mood and cognition.</p>\r\n	</li>\r\n	<li>\r\n	<p>Boosts Self-Esteem and Confidence Working out can also boost self-esteem and confidence. As you become stronger and fitter, you may feel more confident in your abilities, which can help improve overall self-esteem. Exercise can also provide a sense of accomplishment and mastery, which can help build confidence.</p>\r\n	</li>\r\n	<li>\r\n	<p>Promotes Better Sleep Exercise can promote better sleep, which is essential for good mental health. Physical activity can help regulate the sleep-wake cycle, making it easier to fall asleep and stay asleep throughout the night.</p>\r\n	</li>\r\n	<li>\r\n	<p>Provides Social Support Many forms of exercise, such as team sports or group fitness classes, provide social support and a sense of community. Social support can help reduce stress and improve mental health by providing a sense of belonging and connection.</p>\r\n	</li>\r\n</ol>\r\n\r\n<p>In conclusion, the benefits of working out on mental health are numerous and significant. Exercise can reduce stress and anxiety, improve cognitive function, boost self-esteem and confidence, promote better sleep, and provide social support. Incorporating regular physical activity into your routine can have a significant impact on your overall well-being.</p>\r\n', '2023-04-09 00:05:41', '2023-04-10 18:52:59', 'Yes', 13),
(16, 7, 6, 'Uncovering the Thrill: Exploring the World of Underground Raves', '<p>Underground raves are a unique and exciting part of the electronic dance music (EDM) culture. These events are usually held in secret locations, away from the prying eyes of the authorities, and offer a thrilling and unforgettable experience for those who attend.<img alt=\"\" src=\"https://thefestivalvoice.com/wp-content/uploads/2018/02/Underground-Cover.jpg\" style=\"float:right; height:269px; width:500px\" /></p>\r\n\r\n<p>One of the most appealing aspects of underground raves is the freedom they offer. Unlike traditional nightclubs or music festivals, these events are not subject to the same rules and regulations. As a result, the music is often louder and more intense, and the atmosphere is much more relaxed and carefree.</p>\r\n\r\n<p>Another great thing about underground raves is the sense of community they provide. Many of these events are organized by small groups of people who are passionate about EDM and want to share their love of the music with others. This creates a tight-knit community of like-minded individuals who are all there to have a good time and enjoy the music.</p>\r\n\r\n<p>Of course, there are some risks associated with attending underground raves. Because these events are not licensed or regulated, there is always a risk of danger or illegal activity. Attendees should always be aware of their surroundings and make sure they are attending a reputable event.</p>\r\n\r\n<p>Despite the risks, underground raves remain a popular and exciting part of the EDM scene. For those who are looking for a unique and unforgettable experience, there is no better way to experience the true spirit of electronic dance music than by attending an underground rave.</p>\r\n', '2023-04-09 07:49:21', '2023-04-10 09:15:23', 'Yes', 1),
(17, 7, 7, 'Creating Stunning Blog Posts with CK Editor: A Step-by-Step Guide', '<p>As a blog owner, you want to provide your users with an easy and intuitive way to create and edit their blog posts. One of the best tools for this is CK Editor, a powerful and user-friendly WYSIWYG (What You See Is What You Get) editor that makes it easy to format text, add images, and create links. In this article, we&#39;ll walk you through the basics of using CK Editor to write a blog post.</p>\r\n\r\n<h3>Getting Started</h3>\r\n\r\n<p>First, you need to log in to your blog website and navigate to the CK Editor section. Once you&#39;re there, you&#39;ll see the editor interface, which looks like a simple word processor. You can start typing your blog post immediately, or you can use the toolbar at the top of the screen to format your text.</p>\r\n\r\n<h3>Formatting Text</h3>\r\n\r\n<p>To format text, simply highlight the text you want to modify and select the appropriate formatting option from the toolbar. For example, you can make text bold or italic, change the font size or color, and create headings and subheadings.</p>\r\n\r\n<h3>Adding Images</h3>\r\n\r\n<p>To add images to your blog post, click the &quot;Insert Image&quot; button in the toolbar. This will open a window that allows you to upload an image from your computer or select one from a URL. Once the image is uploaded or selected, you can adjust its size, alignment, and other properties using the image properties dialog.</p>\r\n\r\n<h3>Creating Links</h3>\r\n\r\n<p>To create a link, select the text you want to turn into a link and click the &quot;Insert Link&quot; button in the toolbar. This will open a window where you can enter the URL you want to link to and set other properties, such as the link target and title.</p>\r\n\r\n<h3>Saving and Publishing</h3>\r\n\r\n<p>Once you&#39;ve finished writing your blog post, you can save it as a draft or publish it immediately. Click the &quot;Publish&quot; button in the toolbar to complete the process.</p>\r\n\r\n<h3>Conclusion</h3>\r\n\r\n<p>CK Editor is an excellent tool for creating and editing blog posts. By following the steps outlined in this article, you can easily format text, add images, and create links in your posts. With CK Editor, your users will be able to create professional-looking blog posts quickly and easily, making your blog more engaging and user-friendly.</p>\r\n', '2023-04-10 02:33:24', '2023-04-10 19:54:16', 'Yes', 24),
(18, 7, 2, 'A Paradise Getaway: Exploring the Beauty and Culture of Punta Cana', '<p>Punta Cana, located on the eastern coast of the Dominican Republic, is a destination that offers a perfect blend of adventure, relaxation, and luxury. With its beautiful beaches, crystal-clear waters, and lush tropical landscape, Punta Cana is a paradise for those seeking a memorable vacation experience.<img alt=\"\" src=\"https://dynamic-media-cdn.tripadvisor.com/media/photo-o/12/f4/14/08/beach-overview.jpg?w=600&amp;h=400&amp;s=1\" style=\"float:right; height:333px; width:500px\" /></p>\r\n\r\n<p>If you&#39;re planning a trip to Punta Cana, here are some tips to help you make the most of your travels.</p>\r\n\r\n<ol>\r\n	<li>Choose the Right Time to Visit</li>\r\n</ol>\r\n\r\n<p>The best time to visit Punta Cana is between December and April when the weather is sunny and dry. During this time, the temperatures average around 80&deg;F, making it the perfect weather for outdoor activities and beach hopping. However, keep in mind that this is also the peak season, and prices tend to be higher.</p>\r\n\r\n<ol>\r\n	<li>Book a Resort</li>\r\n</ol>\r\n\r\n<p>Punta Cana is known for its all-inclusive resorts, which offer a wide range of amenities, including water sports, spa services, and multiple dining options. By booking a resort, you can enjoy everything that Punta Cana has to offer without leaving the comfort of your hotel. Some of the most popular resorts in Punta Cana include the Hard Rock Hotel &amp; Casino, the Barcel&oacute; B&aacute;varo Palace, and the Grand Palladium Palace Resort &amp; Spa.</p>\r\n\r\n<ol>\r\n	<li>Explore the Beaches</li>\r\n</ol>\r\n\r\n<p>Punta Cana is home to some of the most beautiful beaches in the Caribbean. With miles of white sand and crystal-clear waters, these beaches offer the perfect setting for swimming, sunbathing, and water activities. Some of the top beaches to explore in Punta Cana include Bavaro Beach, Macao Beach, and Juanillo Beach.</p>\r\n\r\n<ol>\r\n	<li>Discover the Local Culture</li>\r\n</ol>\r\n\r\n<p>Punta Cana is not just about beaches and resorts. There are also plenty of opportunities to explore the local culture and history of the Dominican Republic. You can take a day trip to Santo Domingo, the capital city of the Dominican Republic, and explore its museums, colonial architecture, and local markets. You can also visit the Altos de Chavon, a replica of a 16th-century Mediterranean village located in the La Romana region.</p>\r\n\r\n<ol>\r\n	<li>Try the Local Cuisine</li>\r\n</ol>\r\n\r\n<p>The Dominican Republic is known for its flavorful cuisine, which is a fusion of Spanish, African, and Indigenous influences. Some of the must-try dishes in Punta Cana include the sancocho, a hearty stew made with meat, vegetables, and plantains, and the mofongo, a mashed plantain dish that is usually served with meat or seafood. You can also try some of the local drinks, such as the mamajuana, a herbal drink that is said to have medicinal properties.</p>\r\n\r\n<p>In conclusion, Punta Cana is a destination that offers something for everyone. Whether you&#39;re looking to relax on the beach, explore the local culture, or indulge in delicious cuisine, Punta Cana is a must-visit destination. By following these tips, you can make the most of your travels and create unforgettable memories.</p>\r\n', '2023-04-10 18:47:17', '2023-04-10 18:47:26', 'Yes', 1);

-- --------------------------------------------------------

--
-- Table structure for table `userlevel`
--

CREATE TABLE `userlevel` (
  `userLevel_id` int(11) NOT NULL,
  `levelname` varchar(33) NOT NULL
) ENGINE=InnoDB DEFAULT CHARSET=latin1 COLLATE=latin1_swedish_ci;

--
-- Dumping data for table `userlevel`
--

INSERT INTO `userlevel` (`userLevel_id`, `levelname`) VALUES
(1, 'user'),
(2, 'admin');

-- --------------------------------------------------------

--
-- Table structure for table `users`
--

CREATE TABLE `users` (
  `user_id` int(11) NOT NULL,
  `fname` varchar(30) NOT NULL,
  `sname` varchar(30) NOT NULL,
  `email` varchar(50) NOT NULL,
  `dob` date NOT NULL,
  `username` varchar(30) NOT NULL,
  `password` varchar(256) NOT NULL,
  `level` int(11) NOT NULL,
  `registerDate` timestamp NOT NULL DEFAULT current_timestamp(),
  `lastLogin` timestamp NOT NULL DEFAULT current_timestamp() ON UPDATE current_timestamp(),
  `status` varchar(8) NOT NULL
) ENGINE=InnoDB DEFAULT CHARSET=utf8mb4 COLLATE=utf8mb4_general_ci;

--
-- Dumping data for table `users`
--

INSERT INTO `users` (`user_id`, `fname`, `sname`, `email`, `dob`, `username`, `password`, `level`, `registerDate`, `lastLogin`, `status`) VALUES
(1, 'Ben', 'Junga', 'benjunga11@gmail.com', '2077-04-03', 'benjunga14', '$2y$10$rEx4Rxfs8llNuRh2HbiQt.ZLouh4ZJKL9Y51sQognXRQRF7z41aR6', 1, '2023-04-05 12:29:41', '2023-04-10 07:58:45', 'Active'),
(2, 'Earth', 'Wizard', 'Earthwizard@gmail.com', '1988-04-04', 'Earth.wizard33', '$2y$10$Gz0lQYg05k4/ciTxHxJfs.UBCPCKZsQMHWfPjVJ5bObpNpb9HYjky', 1, '2023-04-05 12:25:41', '2023-04-10 07:58:51', 'Active'),
(3, 'abc', 'abc', 'abc@abc.com', '2023-03-16', 'abc123', '$2y$10$uk6P2YBSrGruyZv7UVeE0.oAeYrme14P0aPrQ3UknOkkYnClKj1KK', 1, '2023-03-24 19:36:47', '2023-04-10 07:58:58', 'Inactive'),
(7, 'Mitch', 'Deballa', 'hogman@gmail.com', '2023-03-30', 'meesh', '$2y$10$3jY5mRu0XAlv1x0xanJZUOGozcZDRCZOLb.cPxoiDqQu2b89Dl6zC', 2, '0000-00-00 00:00:00', '2023-04-10 19:08:12', 'Active'),
(8, 'meesh', 'man', 'meeshrat@gmail.com', '1976-05-16', 'meeshman', '$2y$10$qiVo7tCRVbEKFDy6Dp.2vetbLsIp34eZX60sZx2suq/14VKBE2M.q', 1, '0000-00-00 00:00:00', '2023-04-03 03:18:33', 'Active'),
(9, 'wanka', 'walls', 'wankawalls@gmail.com', '2016-06-08', 'wanka', '$2y$10$MPfsus.strfDnITy0t8C..yMW5Fym3wiR.FTHmPBzJaimL6smAoIy', 1, '2023-03-24 19:29:21', '2023-04-10 16:22:14', 'Active'),
(10, 'jamal', 'hill', 'jamalhill@gmail.com', '1995-09-12', 'jamal', '$2y$10$KaGUWpDSLMdfRerJAY0Gz.no7gj9wawfH6RGJapFPkDa22rbPou1C', 1, '2023-03-24 19:33:12', '2023-04-10 19:07:50', 'Active'),
(14, 'baller', 'paul', 'ballerpaul@gmail.com', '2016-02-09', 'ballerpaul', '$2y$10$N6N8LyrKx/cbzliu3CLz0O1gSbU7sUT7BLNuXVSCDoIem2SOofMNa', 1, '2023-04-10 08:00:08', '2023-04-10 08:00:08', 'Active');

--
-- Indexes for dumped tables
--

--
-- Indexes for table `category`
--
ALTER TABLE `category`
  ADD PRIMARY KEY (`category_id`);

--
-- Indexes for table `comments`
--
ALTER TABLE `comments`
  ADD PRIMARY KEY (`comment_id`),
  ADD KEY `post_id` (`post_id`),
  ADD KEY `user_id` (`user_id`);

--
-- Indexes for table `posts`
--
ALTER TABLE `posts`
  ADD PRIMARY KEY (`post_id`),
  ADD KEY `category_id` (`category_id`),
  ADD KEY `author_id` (`author_id`);

--
-- Indexes for table `userlevel`
--
ALTER TABLE `userlevel`
  ADD PRIMARY KEY (`userLevel_id`);

--
-- Indexes for table `users`
--
ALTER TABLE `users`
  ADD PRIMARY KEY (`user_id`),
  ADD KEY `level` (`level`);

--
-- AUTO_INCREMENT for dumped tables
--

--
-- AUTO_INCREMENT for table `category`
--
ALTER TABLE `category`
  MODIFY `category_id` int(11) NOT NULL AUTO_INCREMENT, AUTO_INCREMENT=11;

--
-- AUTO_INCREMENT for table `comments`
--
ALTER TABLE `comments`
  MODIFY `comment_id` int(11) NOT NULL AUTO_INCREMENT, AUTO_INCREMENT=21;

--
-- AUTO_INCREMENT for table `posts`
--
ALTER TABLE `posts`
  MODIFY `post_id` int(11) NOT NULL AUTO_INCREMENT, AUTO_INCREMENT=19;

--
-- AUTO_INCREMENT for table `users`
--
ALTER TABLE `users`
  MODIFY `user_id` int(11) NOT NULL AUTO_INCREMENT, AUTO_INCREMENT=15;

--
-- Constraints for dumped tables
--

--
-- Constraints for table `comments`
--
ALTER TABLE `comments`
  ADD CONSTRAINT `comments_ibfk_1` FOREIGN KEY (`post_id`) REFERENCES `posts` (`post_id`),
  ADD CONSTRAINT `comments_ibfk_2` FOREIGN KEY (`user_id`) REFERENCES `users` (`user_id`);

--
-- Constraints for table `posts`
--
ALTER TABLE `posts`
  ADD CONSTRAINT `posts_ibfk_1` FOREIGN KEY (`author_id`) REFERENCES `users` (`user_id`),
  ADD CONSTRAINT `posts_ibfk_2` FOREIGN KEY (`category_id`) REFERENCES `category` (`category_id`);

--
-- Constraints for table `users`
--
ALTER TABLE `users`
  ADD CONSTRAINT `users_ibfk_1` FOREIGN KEY (`level`) REFERENCES `userlevel` (`userLevel_id`);
COMMIT;

/*!40101 SET CHARACTER_SET_CLIENT=@OLD_CHARACTER_SET_CLIENT */;
/*!40101 SET CHARACTER_SET_RESULTS=@OLD_CHARACTER_SET_RESULTS */;
/*!40101 SET COLLATION_CONNECTION=@OLD_COLLATION_CONNECTION */;
